Workbook

Sheet Backlog
A2: REQUISITOS | B2: DESCRIÇÃO | C2: CLASSIFICAÇÃO | D2: TAMANHO | E2: TAM(#) | F2: PRIORIDADE | G2: SPRINT | H2: STATUS | K2: PONTOS FIBONACCI | L2: PLANEJADO | M2: ENTREGUE | N2: PENDENTE
A3: Criar Documentação | B3: Conterá o contexto e justificativa da criação do projeto | C3: Essencial | D3: P | E3: 5 | F3: 1 | G3: SP1 | H3: ENTREGUE | J3: TOTAL | K3: =SUM($E$1:$E$25) -> 145 | L3: =SUM($E$1:$E$25) -> 145
A4: Desenvolver Proto-Persona | B4: Criação de personas - perfil de usuário - que utilizará nosso site | C4: Essencial | D4: P | E4: 5 | F4: 2 | G4: SP1 | H4: ENTREGUE | J4: SP1 | K4: =SUMIF($G$3:$G$25,J4,$E$3:$E$25) -> 145 | L4: =SUMIF(G3:G25,J4,E3:E25) -> 145 | M4: =SUMIFS($E3:$E25,$H3:$H25,$M$2,$G3:$G25,J4) -> 101 | N4: =L4-M4 -> 44
A5: Desenvolver Backlog | B5: Elencar os requisitos necessários para a realização do projeto | C5: Essencial | D5: P | E5: 5 | F5: 1 | G5: SP1 | H5: ENTREGUE | J5: SP2 | K5: =SUMIF($G$3:$G$25,J5,$E$3:$E$25) -> 0 | L5: =SUMIF(G4:G26,J5,E4:E26) -> 0 | M5: =SUMIFS($E4:$E26,$H4:$H26,$M$2,$G4:$G26,J5) -> 0 | N5: =L5-M5 -> 0
A6: Organizar Ferramenta de Gestão | B6: Criar o ambiente de gestão no Planner para organização da equipe | C6: Essencial | D6: PP | E6: 3 | F6: 1 | G6: SP1 | H6: ENTREGUE | J6: SP3 | K6: =SUMIF($G$3:$G$25,J6,$E$3:$E$25) -> 0 | L6: =SUMIF(G5:G27,J6,E5:E27) -> 0 | M6: =SUMIFS($E5:$E27,$H5:$H27,$M$2,$G5:$G27,J6) -> 0 | N6: =L6-M6 -> 0
A7: Prototipar site institucional - Figma | B7: Desenvolver o protótipo do site institucional no figma - No qual, contém página de login, cadastro, sobre a empresa e Dashboard. | C7: Importante | D7: PP | E7: 3 | F7: 2 | G7: SP1 | H7: ENTREGUE | J7: MÉDIA | K7: =ROUND(AVERAGE($E$3:$E$38),2) -> 6.3
A8: Prototipar Dashboard | B8: Desenvolver prototipagente da tela de dashborad | C8: Importante | D8: P | E8: 5 | F8: 2 | G8: SP1 | H8: PENDENTE
A9: Implementar responsividade no site institucional | B9: Desenvolver responsividade so site para todos os tipos de tela, inclusive mobile | C9: Essencial | D9: M | E9: 8 | F9: 1 | G9: SP1 | H9: ENTREGUE
A10: Organizar Ferramenta Slack | B10: Criar um entendimento sobre o funcionamento da ferramenta Slack | C10: Essencial | D10: PP | E10: 3 | F10: 3 | G10: SP1 | H10: PENDENTE
A11: Criar User Stories | B11: A partir de Histórias do Usuário entender como nosso projeto pode atender suas necessidades | C11: Essencial | D11: P | E11: 5 | F11: 1 | G11: SP1 | H11: ENTREGUE
A12: Desenvolver Gerenciamento de Banco de Dados | B12: Script das tabelas no Banco de Dados MySQL | C12: Essencial | D12: G | E12: 13 | F12: 1 | G12: SP1 | H12: ENTREGUE
A13: Desenvolver Modelagem Lógica | B13: Criar a modelagem lógica do banco de dados | C13: Essencial | D13: G | E13: 13 | F13: 1 | G13: SP1 | H13: ENTREGUE
A14: Desenvolver Executável .jar | B14: Formato de pacote baseado em ZIP usado para agrupar múltiplos arquivos de classe Java | C14: Essencial | D14: PP | E14: 3 | F14: 2 | G14: SP1 | H14: ENTREGUE
A15: Desenvolver Politica de gestão de acessos | B15: Implementada e documentada para um maior controle | C15: Essencial | D15: P | E15: 5 | F15: 2 | G15: SP1 | H15: PENDENTE
A16: Desenvolver Python configurado na EC2 | B16: Subir o código de leitura e escrita na EC2 | C16: Essencial | D16: P | E16: 5 | F16: 1 | G16: SP1 | H16: ENTREGUE
A17: Desenvolver Capturar dados (CPU, RAM e Disco) de máquina via Python | B17: Desenvolver código de escrita que captura de dados de máquina e salva em um .CSV | C17: Essencial | D17: P | E17: 5 | F17: 1 | G17: SP1 | H17: ENTREGUE
A18: Desenvolver Leitura dados (CPU, RAM e Disco) de máquina via Python | B18: Desenvolver código de leitura de dados de máquina e salva em um .CSV | C18: Essencial | D18: P | E18: 5 | F18: 1 | G18: SP1 | H18: ENTREGUE
A19: Armazenar a captura de dados em Arquivo .CSV | B19: Desenvolver código de leitura de dados de máquina e salva em um .CSV | C19: Essencial | D19: P | E19: 5 | F19: 1 | G19: SP1 | H19: ENTREGUE
... A25: Desenvolver tela sobre | B25: Criar tela sobre referente a empresa | C25: Essencial | D25: P | E25: 5 | F25: 1 | G25: SP1 | H25: PENDENTE

Sheet Lista - Validações
A1: CLASSIFICAÇÃO | B1: TAMANHO | C1: PESO | D1: PRIORIDADE | E1: SPRINT | F1: STATUS
A2: Essencial | B2: PP | C2: 3 | D2: 1 | E2: SP1 | F2: ENTREGUE
A3: Desejável | B3: P | C3: 5 | D3: 2 | E3: SP2 | F3: PENDENTE
A4: Importante | B4: M | C4: 8 | D4: 3 | E4: SP3
B5: G | C5: 13
B6: GG | C6: 21
A11: Total | B11: Planejado | C11: Entregue
A12: SP1 | B12: =Backlog!L4 -> 145 | C12: =Backlog!M4 -> 101
A13: SP2 | B13: =Backlog!L5 -> 0 | C13: =Backlog!M5 -> 0
A14: SP3 | B14: =Backlog!L6 -> 0 | C14: =Backlog!M6 -> 0
